population,downstream_accuracy,logloss,selected_indices,source
Male,0.7877629063097514,0.734271920548966,"[2, 1, 37, 28, 41]",our_method
Female,0.95,0.1272101989778292,"[2, 1, 37, 28, 41]",our_method
Male,0.7418738049713193,0.4930367698480451,"[41, 30, 4, 3, 36]",baseline_lasso
Female,0.8846153846153846,0.6097162537099846,"[41, 30, 4, 3, 36]",baseline_lasso
Male,0.751434034416826,0.5288669233160594,"[8, 9, 3, 30, 24]",baseline_dro_lasso
Female,0.8846153846153846,0.46495516875675463,"[8, 9, 3, 30, 24]",baseline_dro_lasso
Male,0.734225621414914,0.5782558274332731,"[31, 10, 9, 25, 24]",baseline_xgb
Female,0.8846153846153846,0.352042992687553,"[31, 10, 9, 25, 24]",baseline_xgb
Male,0.751434034416826,0.5451686548838787,"[32, 24, 3, 9, 25]",baseline_dro_xgb
Female,0.8846153846153846,0.49335778856952417,"[32, 24, 3, 9, 25]",baseline_dro_xgb
